<?xml version="1.0" encoding="UTF-8"?><LEAGUE battlefield_height="600" battlefield_width="800" focused_competitor_id="" gun_cooling_rate="0.1" inactivity_time="450" opponents_per_grouping="2" rounds_per_grouping="500" version="1.0"><COMPETITOR classname="abc.tron3.Shadow" id="Shadow 3.66MC" use_latest="false" version="3.66MC"/><COMPETITOR classname="apv.test.Virus" id="Virus 0.6.1MC" use_latest="false" version="0.6.1MC"/><COMPETITOR classname="cjm.Che" id="Che 1.2MC" use_latest="false" version="1.2MC"/><COMPETITOR classname="gh.GrubbmGrb" id="GrubbmGrb 1.1.3MC" use_latest="false" version="1.1.3MC"/><COMPETITOR classname="kawigi.sbf.FloodHT" id="FloodHT 0.9.2MC" use_latest="false" version="0.9.2MC"/><COMPETITOR classname="mnt.AHEB" id="AHEB 0.6aMC" use_latest="false" version="0.6aMC"/><COMPETITOR classname="pe.SandboxDT" id="SandboxDT 3.02MC" use_latest="false" version="3.02MC"/><COMPETITOR classname="pez.rumble.CassiusClay" id="CassiusClay 1.9996bdMC" use_latest="false" version="1.9996bdMC"/><COMPETITOR classname="stefw.Tigger" id="Tigger 0.0.23MC" use_latest="false" version="0.0.23MC"/><COMPETITOR classname="voidious.Dookious" id="Dookious 0.611MC" use_latest="false" version="0.611MC"/></LEAGUE>